INSERT INTO CLIENTE(cpf, nome, numTelefone, numTelefone2, email)
VALUES
('123.456.789-01','ANA PAULA','61987654321','61923456789','ana.paula@example.com'),
('987.654.321-00','EMPORIO BRASIL','61987654320','61923456788','emporio.brasil@example.com'),
('456.789.123-45','CARLOS EDUARDO','61987654322','61923456787','carlos.eduardo@example.com'),
('321.654.987-65','SUPERMERCADO SANTA MARIA','61987654323','61923456786','supermercado.santa@example.com'),
('654.321.987-32','PIZZARIA DELICIA','61987654324','61923456785','pizzaria.delicia@example.com'),
('789.123.456-78','LAVANDERIA LIMPA','61987654325','61923456784','lavanderia.limpa@example.com'),
('852.963.741-25','LOJA DA VOVÓ','61987654326','61923456783','loja.vovo@example.com'),
('147.258.369-74','BOTECO DO JOÃO','61987654327','61923456782','boteco.joao@example.com'),
('369.258.147-36','BAR DO JOSÉ','61987654328','61923456781','bar.jose@example.com'),
('258.147.963-85','MERCEARIA FAMÍLIA','61987654329','61923456780','mercearia.familia@example.com'),
('741.852.963-10','LANCHONETE RÁPIDO','61987654330','61923456700','lanchonete.rapido@example.com'),
('963.258.741-25','RESTAURANTE OÁSIS','61987654331','61923456701','restaurante.oasis@example.com'),
('159.753.486-12','SUPERMERCADO LAR DOCE LAR','61987654332','61923456702','supermercado.lar@example.com'),
('753.159.486-88','CARNES DELICIOSAS','61987654333','61923456703','carnes.deliciosas@example.com'),
('951.753.684-21','MERCEARIA NOVA ERA','61987654334','61923456704','mercearia.novaera@example.com'),
('159.852.753-84','FARMÁCIA FAMÍLIA','61987654335','61923456705','farmacia.familia@example.com'),
('369.159.852-75','HAMBURGUERIA XYZ','61987654336','61923456706','hamburgueria.xyz@example.com'),
('741.369.852-14','RESTAURANTE NA MESA','61987654337','61923456707','restaurante.mesa@example.com'),
('258.369.147-95','LIVRARIA CANTINHO','61987654338','61923456708','livraria.cantinho@example.com'),
('369.147.258-68','RESTAURANTE GOSTOSO','61987654339','61923456709','restaurante.gostoso@example.com'),
('753.852.147-01','MERCANTIL FAMÍLIA','61987654340','61923456710','mercantil.familia@example.com'),
('159.753.258-12','SUPERMERCADO DA PRAÇA','61987654341','61923456711','supermercado.praca@example.com'),
('258.369.147-23','RESTAURANTE CASA DE SOPA','61987654342','61923456712','restaurante.sopa@example.com'),
('753.159.852-34','PÃO QUENTE','61987654343','61923456713','pao.quente@example.com'),
('951.753.852-45','LOJA DE RÁDIO','61987654344','61923456714','loja.radio@example.com'),
('369.258.147-56','SUPERMERCADO BOM PREÇO','61987654345','61923456715','supermercado.bompreco@example.com'),
('147.258.369-67','LOJA DO CEGO','61987654346','61923456716','loja.cego@example.com'),
('258.963.147-78','PIZZARIA NOSSA SENHORA','61987654347','61923456717','pizzaria.nossasenhora@example.com'),
('789.456.123-90','LOJA DE MODAS','61987654348','61923456718','loja.modas@example.com'),
('852.147.963-21','SUSHI YAMATO','61987654349','61923456719','sushi.yamato@example.com'),
('951.258.147-03','LOJA DA GRAÇA','61987654350','61923456720','loja.graca@example.com'),
('753.951.258-45','PIZZARIA DO HÉLIO','61987654351','61923456721','pizzaria.helio@example.com'),
('258.456.789-12','SABORES DO BRASIL','61987654352','61923456722','sabores.brasil@example.com'),
('159.753.321-87','CAFÉ FRESCO','61987654353','61923456723','cafe.fresco@example.com'),
('951.369.258-96','RESTAURANTE BAHIA','61987654354','61923456724','restaurante.bahia@example.com'),
('753.951.654-21','LIVRARIA SABIÁ','61987654355','61923456725','livraria.sabia@example.com'),
('852.963.147-58','LAVANDERIA SOL E LUA','61987654356','61923456726','lavanderia.solelua@example.com'),
('369.852.147-43','LOJA DO BRIAN','61987654357','61923456727','loja.brian@example.com'),
('159.852.963-74','CAFÉ DA TARDE','61987654358','61923456728','cafe.tarde@example.com'),
('963.258.147-22','LOJA VERDE E AMARELO','61987654359','61923456729','loja.verdeamarelo@example.com'),
('852.159.741-90','RESTAURANTE REFINADO','61987654360','61923456730','restaurante.refinado@example.com'),
('789.123.654-11','BOTECO ALEGRIA','61987654361','61923456731','boteco.alegria@example.com'),
('321.654.987-99','SUPERMERCADO FAMÍLIA','61987654362','61923456732','supermercado.familia@example.com'),
('147.258.369-36','PIZZARIA DA RUA','61987654363','61923456733','pizzaria.rua@example.com'),
('654.789.123-45','CARNES E FRUTAS','61987654364','61923456734','carnes.frutas@example.com'),
('852.963.147-12','DISTRIBUIDORA PRIME','61987654365','61923456735','distribuidora.prime@example.com'),
('951.753.468-95','LOJA DE TECNOLOGIA','61987654366','61923456736','loja.tecnologia@example.com'),
('753.159.846-74','CAFÉ ACONCHEGO','61987654367','61923456737','cafe.aconchego@example.com'),
('159.753.256-84','HAMBURGUERIA SUCULENTA','61987654368','61923456738','hamburgueria.suculenta@example.com'),
('369.852.147-20','MERCADINHO DO SEU JOAQUIM','61987654369','61923456739','mercadinho.joaquim@example.com'),
('753.951.258-62','FARMÁCIA VERDE','61987654370','61923456740','farmacia.verde@example.com'),
('258.741.963-91','LOJA DO HOMEM','61987654371','61923456741','loja.homem@example.com'),
('369.852.147-89','LAVANDERIA RÁPIDO','61987654372','61923456742','lavanderia.rapido@example.com'),
('159.753.321-65','SUPERMERCADO DA BARRA','61987654373','61923456743','supermercado.barra@example.com'),
('852.963.147-32','BOTECO DAS ARTES','61987654374','61923456744','boteco.artes@example.com'),
('456.789.123-54','PIZZARIA DO CARLINHOS','61987654375','61923456745','pizzaria.carlinhos@example.com');

INSERT INTO endereco(cliente_cpf, uf, cidade, bairro, rua, numero, comp, cep)
VALUES
('345.672.890-45','AL','ARAPIRACA','CENTRO','RUA ALFONSO ALMEIDA','154','','57302768'),
('587.491.239-85','MA','BACABAL','CENTRO','CJ MÁRIO LIMA','42','','65700000'),
('682.391.764-07','MA','BREJO DA AREIA','CENTRO','RUA DOS PINTOS',NULL,'','65315000'),
('201.864.358-99','MA','NOVA OLINDA-MA','CENTRO','TV DO COMERCIO','1092','','65274000'),
('412.359.683-26','MA','SITIO NOVO - MA','CENTRO','RUA PRINCIPAL KM 12',NULL,'','65925000'),
('731.586.054-28','PA','BARCARENA','CLE URBANO VILA DOS CARRANCOS','RUA GERMANO ARANHA','32','','68445000'),
('962.771.685-74','MA','SANTA LUZIA','ACAMPAMENTO','TV SAO FRANCISCO I','03','','65390000'),
('005.126.874-39','MA','RIACHAO','CENTRO','AVENIDA RODOVIARIA','35','','65990000'),
('073.298.145-62','MA','BURITIRANA','CENTRO','RUA MARECHAL',NULL,'','65935000'),
('092.824.671-31','MA','SEN LA ROCQUE','GENIPAPO','RUA SAO FRANCISCO',NULL,'','65935000'),
('132.764.987-44','MA','BURITIRANA','POVOADO TANQUE II','RUA BOM JESUS',NULL,'','65935000'),
('583.672.309-81','MA','AMARANTE DO MA','VILA DEUSIMAR','RUA MARIO VIANA',NULL,'','65923000'),
('048.372.583-69','MA','BARRA DO CORDA','NENZINHO III','RUA 05',NULL,'','65950000'),
('478.927.630-72','MA','BOM JESUS SELVA','CENTRO','RUA CAXIAS','117','','65395000'),
('594.281.763-11','MA','FERNANDO FALCAO','CENTRO','RUA ANTONIO PEREIRA SANTIAGO',NULL,'','65964000'),
('763.214.809-53','MA','A A DO PINDARE','ZONA RURAL','RUA NOVA',NULL,'','65398000'),
('158.902.471-61','MA','PARAIBANO','CENTRO','AVENIDA PRIMEIRO DE MAIO',NULL,'','65670000'),
('856.943.275-04','MA','SUCUP DO NORTE','CENTRO','RUA MACALA B CARNEIRO',NULL,'','65860000'),
('007.157.849-63','MA','PACO DO LUMIAR','VILA SAO JOSE 2','TRAV 7','28','VILA SAO JOSE ','65130000'),
('092.142.507-70','MA','AMARANTE DO MA','CENTRO','RUA CASTELO BRANCO','61','','65923000'),
('041.876.239-55','PA','SANTA IZA DO PA','SANTA LUCIA','RODOVIA PA 140',NULL,'','68790000'),
('393.843.517-21','MA','PEDREIRAS','SAO FRANCISCO','RUA RAIMUNDO ANSELMO','31','','65725000'),
('098.267.319-40','MA','ROSARIO','CENTRO','RUA GALL LOTT',NULL,'','65150000'),
('942.501.148-08','MA','TUNTUM','POV SANTA ROSA','AVENIDA SAO JOAO',NULL,'','65763000'),
('314.871.992-67','MA','TIMBIRAS','CENTRO','AVENIDA JOAO LEAL','37','','65420000'),
('561.847.234-70','MA','PINHEIRO - MA','FOMENTO','RUA 12 DE OUTUBRO','279','','65200000'),
('580.194.281-98','MA','S VICENTE FERRE','CENTRO','RUA GETULIO VARGAS',NULL,'','65220000'),
('025.298.067-14','MA','PINHEIRO - MA','CENTRO','AVENIDA TANCREDO NEVES',NULL,'','65200000'),
('872.167.304-05','MA','CAROLINA','CENTRO','AVENIDA ADALBERTO RIBEIRO','637','','65980000'),
('335.719.496-77','MA','A A DO PINDARE','ZONA RURAL','RUA DA MATRIZ',NULL,'','65398000'),
('444.056.084-82','MA','MARANHAOZINHO','CENTRO','RUA DA IGREJA',NULL,'','65283000'),
('523.145.376-29','MA','LAGOA DO MATO','CENTRO','RUA SAO JOAO','49','','65683000'),
('329.577.490-85','MA','SAO BENTO - MA','MUTIRAO','RUA ANTONIO DIAS','45','','65235000'),
('185.917.265-14','PA','NOVO PROGRESSO','VICINAL CEMITERIO','RODOVIA BR 163 KM 942 ME ADT 18 KM',NULL,'','68193000'),
('283.370.659-56','MA','BURITICUPU','CENTRO','RUA DO COMERCIO',NULL,'','65393000'),
('743.489.523-81','MA','BURITICUPU','CENTRO','RUA NIVEL MEDIO','7','','65393000'),
('920.174.160-39','MA','SUCUP DO NORTE','CENTRO','RUA MANOEL OLIVEIRA','359','','65860000'),
('141.920.843-26','MA','SUCUP DO NORTE','CENTRO','RUA JOAO FIGUEIREDO',NULL,'','65860000'),
('556.738.964-79','MA','PARAIBANO','CENTRO','RUA ANTONIO SABINO',NULL,'','65670000'),
('220.818.295-57','MA','GRAJAU','CANOEIRO','RUA HUMBERTO DE CAMPOS','264','','65940000'),
('904.170.502-98','MA','SUCUP DO NORTE','CENTRO','RUA MACALA B CARNEIRO',NULL,'','65860000'),
('573.685.973-83','MA','NOVA OLINDA-MA','CENTRO','TRAVESSA SAO FRANCISCO','690','','65274000'),
('724.183.640-29','MA','LORETO','SANTA FE','TV 2 DE MAIO',NULL,'','65895000'),
('498.342.562-51','MA','RIACHAO','AEROPORTO','RUA AEROPORTO',NULL,'','65990000'),
('770.630.450-36','MA','BARRA DO CORDA','PIQUIZINHO','VILA DANTAS','30','','65950000'),
('357.491.034-81','MA','S JOAO DO CARU','CENTRO','RUA NOVA',NULL,'','65385000'),
('903.230.054-37','MA','URBANO SANTOS','ZONA RURAL','POV CAPAO I',NULL,'','65530000'),
('020.973.890-88','MA','MORROS','POV SANTA HELENA','POVOAD SANTA HELENA',NULL,'','65160000'),
('444.853.271-49','PA','CAPANEMA','FATIMA','AVENIDA JOAO PAULO II','743','','68700000'),
('516.598.792-05','PA','CAPANEMA','SANTA LUZIA','RUA SAO SEBASTIAO',NULL,'','68700000'),
('749.080.401-61','MA','SAO LUIS','ANJO DA GUARDA','RUA','5','','65000000'),
('119.382.765-83','MA','BALSAS','POVOADO BATAVO','AVENIDA BATAVO',NULL,'','65800000'),
('005.014.685-29','MA','PARAIBANO','CENTRO','AVENIDA 1 DE MAIO','1093','','65670000'),
('988.229.420-14','MA','PARAIBANO','CENTRO','RUA SAO BRAZ',NULL,'','65670000'),
('417.128.363-66','MA','SANTA RITA','ZONA RURAL','POV VILA NOVA',NULL,'','65145000'),
('362.582.683-47','MA','SITIO NOVO - MA','ZONA RURAL','POV MAIO DE CIMA',NULL,'','65925000'),
('589.713.027-03','MA','BURITICUPU','CENTRO','RUA MANOEL RIBEIRO',NULL,'','65393000'),
('128.023.496-14','MA','SAO JOSÉ DE RIBAMAR','PRAIA DO SAI','AV JOSE EULER','30','','65100000'),
('182.745.206-81','MA','SAO JOSÉ DE RIBAMAR','PRAIA DO SAI','AV JOSE EULER','40','','65100000'),
('192.908.160-11','MA','PENALVA','POV MANDACARU','RUA DA FELICIDADE','10','','65565000'),
('823.102.841-23','MA','MORROS','VILA SANTA ISABEL','AVENIDA 1 DE MAIO',NULL,'','65160000'),
('924.568.293-04','MA','ALTO ALEGRE DO MA','ZONA RURAL','AVENIDA 1 DE MAIO',NULL,'','65508000'),
('157.829.501-69','MA','SANTA LUZIA','VILA SAO JOAO','RUA 13 DE MAIO','4','','65190000'),
('259.578.172-85','MA','SANTA LUZIA','CENTRO','AVENIDA 4 DE MAIO',NULL,'','65190000'),
('168.482.936-09','MA','SÃO LUIS','ALTO DO CALDAS','AVENIDA PAULO SANTOS',NULL,'','65000000'),
('865.960.652-07','MA','SÃO LUIS','ALTO DO CALDAS','AVENIDA LOUIS ADOLPHI','NULL','','65000000'),
('722.894.225-01','MA','SÃO LUIS','SÃO JOSÉ','RUA JOSÉ DO PATROCÍNIO','1','','65000000'),
('512.660.129-85','MA','PENALVA','SÃO JOSÉ','RUA DOMINGOS PEREIRA','3','','65565000'),
('136.908.165-71','MA','SAO BENTO - MA','CENTRO','RUA DA LIBERDADE','10','','65235000'),
('174.390.204-05','MA','MARANHAOZINHO','SAO VITOR','RUA DO CONDE','50','','65283000'),
('966.702.123-49','MA','BARRA DO CORDA','VILA TATU','RUA DA FELICIDADE','4','','65950000');

INSERT INTO fornecedor(cpf_cnpj, nome, valorFrete, email)
VALUES
('584.184.315-04','GILMAR AMARAL SANTOS',26.24,'gilmaramaralsantos@email.com'),
('452.248.353-80','FLAVIO OLIVEIRA BARRETO', 7.56,'flaviooliveirabarreto@email.com'),
('824.491.635-49','FABIO JOSE DOS SANTOS',49.81,'fabiojosedossantos@email.com'),
('102.845.512-70','MARCOS AURELIO PEREIRA',15.99,'marcosaureliopereira@email.com'),
('546.295.648-21','RENATA SOUSA CUNHA',23.50,'renatasousacunha@email.com'),
('631.249.052-04','SILVIO RODRIGUES CAVALCANTE',10.00,'silviorodriguescavalcante@email.com'),
('870.184.652-17','TATIANA FERRAZ DE SOUZA',30.75,'tatianafeerrazdesouza@email.com'),
('174.257.803-05','PAULO ROBERTO DA SILVA',14.99,'paulorobertodasilva@email.com'),
('569.146.972-11','ANALICE CARVALHO VIEIRA',22.45,'analicecarvalhovieira@email.com'),
('895.214.836-09','DANILO DOS SANTOS LIMA',19.10,'danilodossantoslima@email.com'),
('451.132.850-12','FELIPE GOMES BARBOSA',33.85,'felipegomesbarbosa@email.com'),
('307.419.458-10','JULIANA MORAIS NUNES',5.50,'julianamorisnunes@email.com'),
('684.518.305-06','VITOR HUGO SANTOS',25.00,'vitorhugosantos@email.com'),
('351.685.194-99','ALINE MARTINS DA COSTA',12.70,'alinemartinsdacosta@email.com'),
('231.745.168-05','MAURICIO JOSÉ PEREIRA',40.00,'mauriciojosepereira@email.com'),
('942.310.867-14','VANESSA CRISTINA DE OLIVEIRA',18.90,'vanessacristinadeoliveira@email.com'),
('876.482.156-33','ADRIANO ALEXANDRE DE SOUZA',29.99,'adrianoalexandredeoliveira@email.com'),
('513.342.274-23','LUIZ FERNANDO MENEZES',31.30,'luizfernandomenezes@email.com'),
('422.198.736-90','SANDRA RIBEIRO DE ALMEIDA',8.55,'sandraribeirodealmeida@email.com'),
('575.653.200-27','JOSÉ ROBERTO MARTINS',36.15,'joserobertomartins@email.com'),
('723.874.610-25','PRISCILA RODRIGUES',11.99,'priscilarodrigues@email.com'),
('530.304.981-10','EDSON LUIZ CAVALCANTE',27.45,'edsonluizcavalcante@email.com'),
('141.213.574-30','GUSTAVO MARTINS DOS SANTOS',3.25,'gustavomartinsdossantos@email.com'),
('859.415.763-12','CLARICE DOS SANTOS',44.75,'claricedossantos@email.com'),
('309.148.370-59','REINALDO SOARES DE ALMEIDA',20.00,'reinaldosoaresdealmeida@email.com'),
('750.154.236-87','SUZANA LUCAS BRAGA',14.50,'suzanalucasbraga@email.com'),
('294.102.168-73','NATÁLIA LIMA DOS SANTOS',22.90,'natalialimadossantos@email.com'),
('878.652.173-54','RENAN CARVALHO GOMES',7.10,'renancarvalhogomes@email.com'),
('320.147.998-15','JENIFER LOPES DA SILVA',28.80,'jeniferlopesdasilva@email.com'),
('672.433.195-41','HELENA FONSECA COSTA',19.99,'helenafonseca@email.com'),
('831.022.153-05','ROBERTO ALMEIDA DOS REIS',30.55,'robertoalmeidadosreis@email.com'),
('444.832.187-20','CAMILA RIBEIRO FERNANDES',26.30,'camilaribeirofernandes@email.com'),
('235.289.573-77','ELOÍSA VIEIRA PEREIRA',18.15,'eloisavieirapereira@email.com'),
('782.573.624-08','SANDRO CARLOS SILVA',17.80,'sandrocarlossilva@email.com'),
('618.452.903-45','PATRÍCIA DE SOUZA',13.95,'patriciadesouza@email.com'),
('560.022.128-64','FRANCISCO VIEIRA DO CARMO',34.90,'franciscovieiradocarmo@email.com'),
('393.229.581-10','MARCELA DA SILVA',4.90,'marceladasilva@email.com'),
('276.482.069-39','ALINE RODRIGUES BARBOSA',11.15,'alinerodriguesbarbosa@email.com'),
('102.563.498-21','SÉRGIO PEREIRA DAS NEVES',20.10,'sergiopereiradasneves@email.com'),
('803.129.456-40','KAREN DOS SANTOS',15.60,'karendossantos@email.com'),
('649.163.047-66','DANIEL BASTOS RIBEIRO',39.80,'danielbastosribeiro@email.com'),
('921.198.735-12','MARIA CECILIA RODRIGUES',32.40,'mariaceciliarodrigues@email.com'),
('586.304.926-04','RAFAEL MARTINS DE ALMEIDA',14.80,'rafaelmartinsdealmeida@email.com'),
('489.731.259-90','LUCAS FERNANDO VIEIRA',27.99,'lucasfernandovieira@email.com'),
('762.155.382-09','ELIANE MARTINS RIBEIRO',8.25,'elianemartinsribeiro@email.com'),
('413.452.069-41','MAURÍCIO LOPES DE SOUZA',22.60,'mauriciolopesdesouza@email.com'),
('835.304.892-76','TATIANA ALEXANDRA BARBOSA',15.45,'tatianaalexandrabarbosa@email.com'),
('142.265.849-53','JAIME DA COSTA',11.25,'jaimedacosta@email.com'),
('775.892.427-59','JÉSSICA SOUZA DE PAIVA',37.10,'jessicasouzadepaiva@email.com'),
('452.927.370-25','ALBERTO FREITAS DO NASCIMENTO',5.75,'albertofreitasdonascimento@email.com'),
('371.520.188-02','SANDRA MENDES ALMEIDA',12.90,'sandramendesalmeida@email.com'),
('812.092.415-30','KARINA GABRIELA FERNANDES',3.60,'karinagabrielafernandes@email.com'),
('423.189.634-84','VICTOR HUGO NUNES',28.30,'victorhununes@email.com'),
('667.193.400-72','SÍLVIO JOSÉ DA SILVA',19.50,'silviojosedasilva@email.com'),
('538.942.626-30','SUELY APARECIDA BARBOSA',9.85,'suelyaparecidabarbosa@email.com'),
('880.438.826-60','PATRICK HENRIQUE DOS SANTOS',38.00,'patrickhenriquedossantos@email.com'),
('530.924.046-10','LEANDRO RODRIGUES DO CARMO',16.00,'leandrorodriguesdocarmo@email.com'),
('201.739.586-28','LUIZA ALMEIDA DOS SANTOS',20.90,'luizaalmeidadossantos@email.com'),
('472.869.328-15','FABIANA SOARES DE LIMA',14.45,'fabianasoaresdelima@email.com'),
('921.273.510-63','MÁRIO VICTOR COSTA',7.30,'mariovictorcosta@email.com'),
('641.907.259-56','CAMILA JOSÉ DOS SANTOS',18.85,'camilajosendossantos@email.com'),
('712.183.042-80','RAFAEL ALMEIDA CARVALHO',30.20,'rafaelalmeidacarvalho@email.com'),
('831.406.590-07','RENATO FERRAZ DA SILVA',9.99,'renatoferrazdasilva@email.com'),
('342.076.159-21','THAYNARA ALMEIDA',25.35,'thaynalmeida@email.com'),
('694.721.423-11','CRISTIANE GOMES BARBOSA',12.55,'cristianegomesbarbosa@email.com');

INSERT INTO `petshop`.`Servico` (`nome`, `valorVenda`, `valorCusto`) VALUES
    ('Banho Rápido - Pequeno Porte', 48.00, 32.00),
    ('Banho Completo - Médio Porte', 85.00, 60.00),
    ('Tosa Completa - Grande Porte', 100.00, 72.00),
    ('Banho Aromático - Pequeno Porte', 55.00, 35.00),
    ('Escovação e Hidratação - Médio Porte', 65.00, 45.00),
    ('Corte de Pelagem Especial - Grande Porte', 120.00, 80.00),
    ('Tosa de Verão - Pequeno Porte', 38.00, 22.00),
    ('Banho Relaxante - Médio Porte', 73.00, 50.00),
    ('Higiene Especial - Grande Porte', 95.00, 65.00),
    ('Consulta de Revisão', 75.00, 55.00),
    ('Exame Cardiológico', 140.00, 100.00),
    ('Vacina Contra Raiva', 72.00, 50.00),
    ('Atendimento de Emergência', 125.00, 90.00),
    ('Procedimento Dentário', 160.00, 115.00),
    ('Pernoite - Pequeno Porte', 52.00, 36.00),
    ('Pernoite - Médio Porte', 67.00, 48.00),
    ('Pernoite - Grande Porte', 85.00, 65.00),
    ('Aulas de Obediência', 120.00, 92.00),
    ('Aulas de Truques Avançados', 160.00, 130.00),
    ('Creche de Finais de Semana', 45.00, 28.00),
    ('Passeio ao Parque', 30.00, 20.00),
    ('Assistência para Cães Idosos', 75.00, 55.00),
    ('Tratamento de Pele Sensível', 88.00, 68.00),
    ('Corte de Garras', 18.00, 12.00),
    ('Limpeza Ocular', 25.00, 18.00),
    ('Terapia de Relaxamento', 40.00, 30.00),
    ('Terapia Anti-Estresse', 130.00, 95.00),
    ('Atendimento para Filhotes', 65.00, 50.00),
    ('Implantação de Microchip', 55.00, 40.00),
    ('Desverminação Completa', 28.00, 20.00);

INSERT INTO PET (nome, idade, especie, raca, corPet, porte, peso, alergia, obs, Cliente_cpf)
VALUES
    ('Max', 3, 'Cachorro', 'Golden Retriever', 'Dourado', 'Grande', 30.5, NULL, NULL, '118.570.245-36'),
    ('Luna', 2, 'Cachorro', 'Labrador', 'Preto', 'Grande', 28.0, NULL, 'Alergia a pulgas', '118.570.245-36'),
    ('Whiskers', 4, 'Gato', 'Siamês', 'Marrom', 'Médio', 12.2, NULL, NULL, '419.396.385-16'),
    ('Nemo', NULL, 'Peixe', 'Beta', 'Laranja', NULL, 0.1, NULL, NULL, '268.331.619-25'),
    ('Simba', 5, 'Leão', 'Pantera', 'Marrom', 'Grande', 180.0, NULL, 'Rei da selva', '268.331.619-25'),
    ('Tweety', 1, 'Pássaro', 'Canário', 'Amarelo', 'Pequeno', 0.05, NULL, 'Canta lindas músicas', '268.331.619-25'),
    ('Daisy', 2, 'Coelho', 'Holandês', 'Branco e preto', 'Pequeno', 1.0, NULL, NULL, '131.940.271-27'),
    ('Speedy', 3, 'Tartaruga', 'Tigre-d água', 'Verde', 'Pequeno', 0.5, NULL, 'Muito lenta', '453.553.862-85'),
    ('Milo', 1, 'Hamster', 'Sírio', 'Dourado', 'Pequeno', 0.03, NULL, 'Gosta de girar na roda', '380.297.822-68'),
    ('Snickers', 4, 'Cavalo', 'Puro Sangue Árabe', 'Marrom', 'Grande', 550.0, NULL, 'Corredor veloz', '075.256.043-39'),
    ('Bella', 2, 'Cachorro', 'Bulldog', 'Marrom', 'Médio', 20.0, NULL, NULL, '075.256.043-39'),
    ('Charlie', 1, 'Cachorro', 'Poodle', 'Branco', 'Pequeno', 6.7, NULL, 'Alergia a grama', '075.256.043-39'),
    ('Lucy', 5, 'Gato', 'Maine Coon', 'Cinza', 'Grande', 16.8, NULL, NULL, '401.366.803-30'),
    ('Bubbles', NULL, 'Peixe', 'Guppi', 'Azul', NULL, 0.2, NULL, NULL, '850.289.911-20'),
    ('Leo', 4, 'Leão', 'Pantera', 'Marrom', 'Grande', 200.0, NULL, 'Majestoso', '805.120.623-15'),
    ('Rio', 1, 'Pássaro', 'Arara', 'Colorida', 'Médio', 1.2, NULL, 'Adora voar', '805.120.623-15'),
    ('Oreo', 2, 'Coelho', 'Angorá', 'Branco', 'Médio', 1.5, NULL, NULL, '023.959.573-48'),
    ('Shelly', 3, 'Tartaruga', 'Tartaruga de Caixa', 'Marrom', 'Pequeno', 0.8, NULL, 'Vive na água', '604.295.233-19'),
    ('Peanut', 1, 'Hamster', 'Chinês', 'Cinza', 'Pequeno', 0.04, NULL, 'Muito ágil', '088.878.253-51'),
    ('Spirit', 6, 'Cavalo', 'Quarto de Milha', 'Alazão', 'Grande', 600.0, NULL, 'Campeão de corrida', '328.373.483-68'),
    ('Coco', 2, 'Cachorro', 'Shih Tzu', 'Branco e marrom', 'Pequeno', 7.5, NULL, NULL, '625.499.783-58'),
    ('Buddy', 3, 'Cachorro', 'Dachshund', 'Marrom', 'Pequeno', 8.2, NULL, 'Adora cavar buracos', '023.837.513-75'),
    ('Oliver', 2, 'Gato', 'Bengal', 'Amarelo', 'Médio', 12.0, NULL, NULL, '023.837.513-75'),
    ('Goldie', NULL, 'Peixe', 'Beta', 'Dourado', NULL, 0.15, NULL, NULL, '023.837.513-75'),
    ('Rocky', 4, 'Leão', 'Pantera', 'Marrom', 'Grande', 210.0, NULL, 'Líder da savana', '614.784.393-19'),
    ('Sunny', 1, 'Pássaro', 'Periquito', 'Verde', 'Pequeno', 0.08, NULL, 'Fala algumas palavras', '614.784.393-19'),
    ('Hopper', 2, 'Coelho', 'Lionhead', 'Branco', 'Pequeno', 1.3, NULL, NULL, '614.784.393-19'),
    ('Squirt', 3, 'Tartaruga', 'Tartaruga de Pintas Vermelhas', 'Marrom', 'Pequeno', 0.9, NULL, 'Fica quieta', '635.111.523-05'),
    ('Nibbles', 1, 'Hamster', 'Roborovski', 'Dourado', 'Pequeno', 0.03, NULL, 'Sempre em movimento', '034.113.953-03'),
    ('Thunder', 7, 'Cavalo', 'Árabe', 'Preto', 'Grande', 700.0, NULL, 'Veloz como o vento', '034.113.953-03'),
    ('Ruby', 2, 'Cachorro', 'Chihuahua', 'Marrom', 'Pequeno', 3.4, NULL, NULL, '972.287.963-49'),
    ('Teddy', 3, 'Cachorro', 'Bichon Frise', 'Branco', 'Pequeno', 6.1, NULL, 'Adora brincar', '009.849.462-76'),
    ('Misty', 4, 'Gato', 'Ragdoll', 'Branco e cinza', 'Médio', 14.5, NULL, NULL, '009.849.462-76'),
    ('Bubbles', NULL, 'Peixe', 'Guppi', 'Prateado', NULL, 0.18, NULL, NULL, '304.523.923-49'),
    ('Leo', 5, 'Leão', 'Pantera', 'Marrom', 'Grande', 220.0, NULL, 'Majestoso', '615.869.543-26'),
    ('Sky', 1, 'Pássaro', 'Calopsita', 'Cinza e amarelo', 'Pequeno', 0.1, NULL, 'Canta alegremente', '021.192.333-81'),
    ('Lola', 2, 'Coelho', 'Fuzzy Lop', 'Branco e cinza', 'Médio', 1.6, NULL, NULL, '021.192.333-81'),
    ('Spike', 4, 'Tartaruga', 'Tartaruga de Casco Mole', 'Verde', 'Médio', 1.5, NULL, 'Gosta de nadar', '467.309.233-34'),
    ('Pippin', 1, 'Hamster', 'Sírio', 'Marrom', 'Pequeno', 0.02, NULL, 'Pequeno e ágil', '418.178.423-15'),
    ('Spirit', 8, 'Cavalo', 'Paint Horse', 'Alazão e branco', 'Grande', 650.0, NULL, 'Pinturas lindas', '418.178.423-15'),
    ('Lucky', 2, 'Cachorro', 'Shiba Inu', 'Vermelho', 'Médio', 17.8, NULL, NULL, '332.925.233-20'),
    ('Bella', 3, 'Cachorro', 'Pug', 'Bege', 'Pequeno', 15.3, NULL, 'Ronca bastante', '332.925.233-20'),
    ('Milo', 2, 'Gato', 'British Shorthair', 'Cinza', 'Médio', 11.7, NULL, NULL, '332.925.233-20'),
    ('Goldie', NULL, 'Peixe', 'Piranha', 'Prateado', NULL, 0.25, NULL, NULL, '030.926.143-05'),
    ('Leo', 6, 'Leão', 'Pantera', 'Marrom', 'Grande', 240.0, NULL, 'Rei da selva', '022.930.503-27'),
    ('Sunny', 2, 'Pássaro', 'Periquito Australiano', 'Verde e amarelo', 'Pequeno', 0.09, NULL, 'Canta o dia todo', '010.169.993-05'),
    ('Binky', 2, 'Coelho', 'Rex', 'Preto', 'Médio', 1.8, NULL, NULL, '010.169.993-05'),
    ('Shelly', 5, 'Tartaruga', 'Tartaruga de Espinhos', 'Verde e marrom', 'Médio', 1.7, NULL, 'Tem espinhos nas costas', '604.569.393-00'),
    ('Peanut', 1, 'Hamster', 'Chinês', 'Cinza e branco', 'Pequeno', 0.02, NULL, 'Adora girar na bola', '070.762.033-32'),
    ('Thunder', 9, 'Cavalo', 'Clydesdale', 'Castanho', 'Grande', 800.0, NULL, 'Majestoso e forte', '482.603.983-20'),
    ('Coco', 3, 'Cachorro', 'Boxer', 'Tigrado', 'Grande', 35.0, NULL, NULL, '016.014.351-93'),
    ('Buddy', 4, 'Cachorro', 'Husky Siberiano', 'Branco e preto', 'Grande', 32.6, NULL, 'Pelagem densa', '019.659.463-48'),
    ('Luna', 3, 'Gato', 'Persa', 'Branco', 'Médio', 13.4, NULL, NULL, '005.710.583-96'),
    ('Bubbles', NULL, 'Peixe', 'Piranha', 'Dourado', NULL, 0.3, NULL, NULL, '003.523.273-08'),
    ('Leo', 7, 'Leão', 'Pantera', 'Marrom', 'Grande', 250.0, NULL, 'Domina a savana', '413.281.323-15'),
    ('Sparrow', 1, 'Pássaro', 'Pardal', 'Marrom', 'Pequeno', 0.03, NULL, 'Canta melodias', '067.903.783-75'),
    ('Hopper', 3, 'Coelho', 'Holandês', 'Branco e preto', 'Médio', 2.0, NULL, NULL, '099.710.403-10'),
    ('Squirt', 6, 'Tartaruga', 'Tartaruga de Pintas Amarelas', 'Amarelo', 'Médio', 2.2, NULL, 'Adora nadar', '040.409.013-39'),
    ('Nibbles', 1, 'Hamster', 'Sírio', 'Dourado', 'Pequeno', 0.01, NULL, 'Bem pequeno', '894.146.164-20'),
    ('Spirit', 10, 'Cavalo', 'Frisão', 'Preto', 'Grande', 900.0, NULL, 'Cabelo longo', '714.537.093-04'),
    ('Ruby', 3, 'Cachorro', 'Poodle', 'Branco', 'Pequeno', 5.7, NULL, NULL, '189.249.992-49'),
    ('Teddy', 4, 'Cachorro', 'Bulldog Francês', 'Tigrado', 'Pequeno', 11.8, NULL, 'Focinho achatado', '437.902.888-70'),
    ('Misty', 5, 'Gato', 'Siamese', 'Cinza', 'Médio', 10.9, NULL, NULL, '874.206.782-00'),
    ('Goldie', NULL, 'Peixe', 'Beta', 'Laranja', NULL, 0.35, NULL, NULL, '426.607.349-68'),
    ('Leo', 8, 'Leão', 'Pantera', 'Marrom', 'Grande', 260.0, NULL, 'Rei da savana', '426.607.349-68'),
    ('Sunny', 3, 'Pássaro', 'Cacatua', 'Branca', 'Médio', 0.15, NULL, 'Fala e dança', '600.248.883-97'),
    ('Lola', 4, 'Coelho', 'Mini Rex', 'Castanho', 'Médio', 1.9, NULL, NULL, '001.172.372-64'),
    ('Spike', 6, 'Tartaruga', 'Tartaruga de Espinhos', 'Verde e marrom', 'Médio', 2.0, NULL, 'Defesa natural', '007.397.782-93'),
    ('Pippin', 2, 'Hamster', 'Russo Anão', 'Cinza', 'Pequeno', 0.02, NULL, 'Muito rápido', '052.144.533-70'),
    ('Thunder', 11, 'Cavalo', 'Morgan', 'Baio', 'Grande', 999.0, NULL, 'Elegante e forte', '613.346.283-35');

INSERT INTO DEPARTAMENTO(NOME, EMAIL, LOCALDEP,GERENTE_CPF)
VALUES
    ('Financeiro', 'financeiro@email.com','20° Andar', '111.111.111-11'),
    ('Vendas', 'vendas@email.com','10° Andar', '567.890.123-45'),
    ('Comercial', 'comercial@email.com','Terreo', '888.888.888-88');
   
INSERT INTO Empregado (cpf, nome, sexo, email, ctps, cargo, dataAdm, dataDem, salario, comissao, bonificacao, Departamento_idDepartamento)
VALUES
    ('111.111.111-11', 'Jorge Luis', 'M', 'jorge@email.com', '12345', 'Gerente', '2023-01-01', NULL, 5000.00, 500.00, 100.00, 1),
    ('222.222.222-22', 'Maria Santos', 'F', 'maria@email.com', '67890', 'Vendedor', '2023-02-15', NULL, 2500.00, 300.00, 50.00, 2),
    ('333.333.333-33', 'Carlos Souza', 'M', 'carlos@email.com', '54321', 'Atendente', '2023-03-10', NULL, 2200.00, 200.00, 30.00, 1),
    ('444.444.444-44', 'Ana Ferreira', 'F', 'ana@email.com', '98765', 'Vendedor', '2023-04-20', NULL, 2700.00, 350.00, 60.00, 3),
    ('555.555.555-55', 'Luiz Pereira', 'M', 'luiz@email.com', '13579', 'Gerente', '2023-05-05', NULL, 5200.00, 550.00, 120.00, 2),
    ('666.666.666-66', 'Fernanda Costa', 'F', 'fernanda@email.com', '24680', 'Atendente', '2023-06-30', NULL, 2300.00, 220.00, 35.00, 1),
    ('777.777.777-77', 'Ricardo Oliveira', 'M', 'ricardo@email.com', '86420', 'Vendedor', '2023-07-15', NULL, 2600.00, 320.00, 55.00, 2),
    ('888.888.888-88', 'Marta Lima', 'F', 'marta@email.com', '99999', 'Gerente', '2023-08-20', NULL, 5100.00, 500.00, 110.00, 3),
    ('999.999.999-99', 'Pedro Santos', 'M', 'pedro@email.com', '77777', 'Atendente', '2023-09-10', NULL, 2100.00, 180.00, 25.00, 1),
    ('123.456.789-01', 'Lucia Rodrigues', 'F', 'lucia@email.com', '12312', 'Vendedor', '2023-10-25', NULL, 2900.00, 380.00, 70.00, 2),
    ('234.567.890-12', 'Marcos Almeida', 'M', 'marcos@email.com', '65465', 'Gerente', '2023-11-05', NULL, 5300.00, 600.00, 130.00, 3),
    ('345.678.901-23', 'Larissa Silva', 'F', 'larissa@email.com', '98712', 'Atendente', '2023-12-15', NULL, 2400.00, 250.00, 40.00, 1),
    ('456.789.012-34', 'Gustavo Pereira', 'M', 'gustavo@email.com', '78978', 'Vendedor', '2024-01-20', NULL, 2700.00, 320.00, 60.00, 2),
    ('567.890.123-45', 'Isabela Costa', 'F', 'isabela@email.com', '12345', 'Gerente', '2024-02-10', NULL, 5200.00, 550.00, 120.00, 3),
    ('678.901.234-56', 'Roberto Souza', 'M', 'roberto@email.com', '65432', 'Atendente', '2024-03-05', NULL, 2200.00, 220.00, 35.00, 1);

INSERT INTO Custos (nome, valor, dataPag, dataVenc, obs, Departamento_idDepartamento)
VALUES
    ('Custo_001', 123.45, '2023-09-08', '2023-09-18', NULL, 1),
    ('Custo_002', 234.56, '2023-09-09', '2023-09-19', NULL, 2),
    ('Custo_003', 345.67, '2023-09-10', '2023-09-20', NULL, 3),
    ('Custo_004', 456.78, '2023-09-11', '2023-09-21', NULL, 1),
    ('Custo_005', 567.89, '2023-09-12', '2023-09-22', NULL, 2),
    ('Custo_006', 678.90, '2023-09-13', '2023-09-23', NULL, 3),
    ('Custo_007', 789.01, '2023-09-14', '2023-09-24', NULL, 1),
    ('Custo_008', 890.12, '2023-09-15', '2023-09-25', NULL, 2),
    ('Custo_009', 901.23, '2023-09-16', '2023-09-26', NULL, 3),
    ('Custo_010', 123.45, '2023-09-17', '2023-09-27', NULL, 1),
    ('Custo_011', 234.56, '2023-09-18', '2023-09-28', NULL, 2),
    ('Custo_012', 345.67, '2023-09-19', '2023-09-29', NULL, 3),
    ('Custo_013', 456.78, '2023-09-20', '2023-09-30', NULL, 1),
    ('Custo_014', 567.89, '2023-09-21', '2023-10-01', NULL, 2),
    ('Custo_015', 678.90, '2023-09-22', '2023-10-02', NULL, 3),
    ('Custo_016', 789.01, '2023-09-23', '2023-10-03', NULL, 1),
    ('Custo_017', 890.12, '2023-09-24', '2023-10-04', NULL, 2),
    ('Custo_018', 901.23, '2023-09-25', '2023-10-05', NULL, 3),
    ('Custo_019', 123.45, '2023-09-26', '2023-10-06', NULL, 1),
    ('Custo_020', 234.56, '2023-09-27', '2023-10-07', NULL, 2),
    ('Custo_021', 345.67, '2023-09-28', '2023-10-08', NULL, 3),
    ('Custo_022', 456.78, '2023-09-29', '2023-10-09', NULL, 1),
    ('Custo_023', 567.89, '2023-09-30', '2023-10-10', NULL, 2),
    ('Custo_024', 678.90, '2023-10-01', '2023-10-11', NULL, 3),
    ('Custo_025', 789.01, '2023-10-02', '2023-10-12', NULL, 1),
    ('Custo_026', 890.12, '2023-10-03', '2023-10-13', NULL, 2),
    ('Custo_027', 901.23, '2023-10-04', '2023-10-14', NULL, 3),
    ('Custo_028', 123.45, '2023-10-05', '2023-10-15', NULL, 1),
    ('Custo_029', 234.56, '2023-10-06', '2023-10-16', NULL, 2),
    ('Custo_030', 345.67, '2023-10-07', '2023-10-17', NULL, 3),
    ('Custo_031', 456.78, '2023-10-08', '2023-10-18', NULL, 1),
    ('Custo_032', 567.89, '2023-10-09', '2023-10-19', NULL, 2),
    ('Custo_033', 678.90, '2023-10-10', '2023-10-20', NULL, 3),
    ('Custo_034', 789.01, '2023-10-11', '2023-10-21', NULL, 1),
    ('Custo_035', 890.12, '2023-10-12', '2023-10-22', NULL, 2),
    ('Custo_036', 901.23, '2023-10-13', '2023-10-23', NULL, 3),
    ('Custo_037', 123.45, '2023-10-14', '2023-10-24', NULL, 1),
    ('Custo_038', 234.56, '2023-10-15', '2023-10-25', NULL, 2),
    ('Custo_039', 345.67, '2023-10-16', '2023-10-26', NULL, 3),
    ('Custo_040', 456.78, '2023-10-17', '2023-10-27', NULL, 1),
    ('Custo_041', 567.89, '2023-10-18', '2023-10-28', NULL, 2),
    ('Custo_042', 678.90, '2023-10-19', '2023-10-29', NULL, 3),
    ('Custo_043', 789.01, '2023-10-20', '2023-10-30', NULL, 1),
    ('Custo_044', 890.12, '2023-10-21', '2023-10-31', NULL, 2),
    ('Custo_045', 901.23, '2023-10-22', '2023-11-01', NULL, 3),
    ('Custo_046', 123.45, '2023-10-23', '2023-11-02', NULL, 1),
    ('Custo_047', 234.56, '2023-10-24', '2023-11-03', NULL, 2),
    ('Custo_048', 345.67, '2023-10-25', '2023-11-04', NULL, 3),
    ('Custo_049', 456.78, '2023-10-26', '2023-11-05', NULL, 1),
    ('Custo_050', 567.89, '2023-10-27', '2023-11-06', NULL, 2),
    ('Custo_051', 678.90, '2023-10-28', '2023-11-07', NULL, 3),
    ('Custo_052', 789.01, '2023-10-29', '2023-11-08', NULL, 1),
    ('Custo_053', 890.12, '2023-10-30', '2023-11-09', NULL, 2),
    ('Custo_054', 901.23, '2023-10-31', '2023-11-10', NULL, 3),
    ('Custo_055', 123.45, '2023-11-01', '2023-11-11', NULL, 1),
    ('Custo_056', 234.56, '2023-11-02', '2023-11-12', NULL, 2),
    ('Custo_057', 345.67, '2023-11-03', '2023-11-13', NULL, 3),
    ('Custo_058', 456.78, '2023-11-04', '2023-11-14', NULL, 1),
    ('Custo_059', 567.89, '2023-11-05', '2023-11-15', NULL, 2),
    ('Custo_060', 678.90, '2023-11-06', '2023-11-16', NULL, 3),
    ('Custo_061', 789.01, '2023-11-07', '2023-11-17', NULL, 1),
    ('Custo_062', 890.12, '2023-11-08', '2023-11-18', NULL, 2),
    ('Custo_063', 901.23, '2023-11-09', '2023-11-19', NULL, 3),
    ('Custo_064', 123.45, '2023-11-10', '2023-11-20', NULL, 1),
    ('Custo_065', 234.56, '2023-11-11', '2023-11-21', NULL, 2),
    ('Custo_066', 345.67, '2023-11-12', '2023-11-22', NULL, 3),
    ('Custo_067', 456.78, '2023-11-13', '2023-11-23', NULL, 1),
    ('Custo_068', 567.89, '2023-11-14', '2023-11-24', NULL, 2),
    ('Custo_069', 678.90, '2023-11-15', '2023-11-25', NULL, 3),
    ('Custo_070', 789.01, '2023-11-16', '2023-11-26', NULL, 1),
    ('Custo_071', 890.12, '2023-11-17', '2023-11-27', NULL, 2),
    ('Custo_072', 901.23, '2023-11-18', '2023-11-28', NULL, 3),
    ('Custo_073', 123.45, '2023-11-19', '2023-11-29', NULL, 1),
    ('Custo_074', 234.56, '2023-11-20', '2023-11-30', NULL, 2),
    ('Custo_075', 345.67, '2023-11-21', '2023-12-01', NULL, 3),
    ('Custo_076', 456.78, '2023-11-22', '2023-12-02', NULL, 1),
    ('Custo_077', 567.89, '2023-11-23', '2023-12-03', NULL, 2),
    ('Custo_078', 678.90, '2023-11-24', '2023-12-04', NULL, 3),
    ('Custo_079', 789.01, '2023-11-25', '2023-12-05', NULL, 1),
    ('Custo_080', 890.12, '2023-11-26', '2023-12-06', NULL, 2),
    ('Custo_81', 901.23, '2023-11-27', '2023-12-07', NULL, 3),
    ('Custo_082', 123.45, '2023-11-28', '2023-12-08', NULL, 1),
    ('Custo_083', 234.56, '2023-11-29', '2023-12-09', NULL, 2),
    ('Custo_084', 345.67, '2023-11-30', '2023-12-10', NULL, 3),
    ('Custo_085', 456.78, '2023-12-01', '2023-12-11', NULL, 1),
    ('Custo_086', 567.89, '2023-12-02', '2023-12-12', NULL, 2),
    ('Custo_087', 678.90, '2023-12-03', '2023-12-13', NULL, 3),
    ('Custo_088', 789.01, '2023-12-04', '2023-12-14', NULL, 1),
    ('Custo_089', 890.12, '2023-12-05', '2023-12-15', NULL, 2),
    ('Custo_090', 901.23, '2023-12-06', '2023-12-16', NULL, 3),
    ('Custo_091', 123.45, '2023-12-07', '2023-12-17', NULL, 1),
    ('Custo_092', 234.56, '2023-12-08', '2023-12-18', NULL, 2),
    ('Custo_093', 345.67, '2023-12-09', '2023-12-19', NULL, 3),
    ('Custo_094', 456.78, '2023-12-10', '2023-12-20', NULL, 1),
    ('Custo_095', 567.89, '2023-12-11', '2023-12-21', NULL, 2),
    ('Custo_096', 678.90, '2023-12-12', '2023-12-22', NULL, 3),
    ('Custo_097', 789.01, '2023-12-13', '2023-12-23', NULL, 1),
    ('Custo_098', 890.12, '2023-12-14', '2023-12-24', NULL, 2),
    ('Custo_099', 901.23, '2023-12-15', '2023-12-25', NULL, 3),
    ('Custo_100', 123.45, '2023-12-16', '2023-12-26', NULL, 1);
   
INSERT INTO `petshop`.`Produtos` (`nome`, `quantidade`, `marca`, `dataVenc`, `valorVenda`, `precoCusto`) VALUES
    ('Ração para Cães', 100.00, 'Royal Canin', '2024-05-01', 49.90, 30.00),
    ('Ração para Gatos', 80.00, 'Hill''s', '2024-06-15', 45.00, 28.00),
    ('Brinquedo para Cães', 200.00, 'Kong', NULL, 15.90, 10.00),
    ('Areia Sanitária para Gatos', 150.00, 'Chalesco', '2024-07-20', 10.50, 7.50),
    ('Coleira Antipulgas para Cães', 50.00, 'Frontline', '2024-09-10', 35.00, 20.00),
    ('Shampoo para Cães', 60.00, 'PetSmile', '2024-08-05', 12.99, 7.00),
    ('Comedouro para Gatos', 100.00, 'Hagen', NULL, 8.50, 5.00),
    ('Tapete Higiênico para Cães', 120.00, 'Petix', '2024-10-12', 18.75, 11.00),
    ('Bolinha de Tênis para Cães', 300.00, 'Kong', NULL, 3.99, 2.50),
    ('Ração para Peixes', 200.00, 'Sera', '2024-11-30', 5.99, 4.00),
    ('Gaiola para Hamsters', 40.00, 'Ferplast', NULL, 39.90, 25.00),
    ('Ração para Pássaros', 250.00, 'Alcon', '2024-12-15', 7.50, 5.00),
    ('Casinha para Cães', 30.00, 'Tramontina', NULL, 85.00, 65.00),
    ('Ração para Tartarugas', 70.00, 'Tetra', '2024-10-01', 12.00, 8.50),
    ('Bolsa de Transporte para Gatos', 20.00, 'Pawise', NULL, 29.99, 18.00),
    ('Escova para Gatos', 90.00, 'Furminator', NULL, 28.50, 16.00),
    ('Roupinha para Cães', 50.00, 'Zee.Dog', NULL, 35.00, 22.00),
    ('Bebedouro para Cães', 80.00, 'PetFeeder', NULL, 14.99, 10.00),
    ('Comedouro para Pássaros', 150.00, 'Alcon', NULL, 6.50, 4.50),
    ('Coleira para Gatos', 70.00, 'Pawise', NULL, 9.50, 6.50),
    ('Casinha para Coelhos', 10.00, 'Ferplast', NULL, 49.90, 30.00),
    ('Shampoo para Gatos', 40.00, 'PetSmile', '2024-09-25', 13.99, 9.50),
    ('Brinquedo para Pássaros', 200.00, 'Zee.Dog', NULL, 4.75, 3.00),
    ('Aquário para Peixes', 15.00, 'Tetra', NULL, 99.99, 70.00),
    ('Coleira Anticarrapatos para Cães', 60.00, 'Frontline', '2024-11-20', 28.00, 15.50),
    ('Ração para Hamsters', 100.00, 'Vitakraft', '2024-07-08', 7.25, 4.50),
    ('Brinquedo para Coelhos', 80.00, 'Chalesco', NULL, 6.99, 4.00),
    ('Ração para Canários', 150.00, 'Alcon', '2024-12-30', 4.25, 3.00),
    ('Arranhador para Gatos', 40.00, 'Furminator', NULL, 22.90, 15.00),
    ('Roupinha para Cães', 70.00, 'Zee.Dog', NULL, 29.90, 18.50),
    ('Comedouro para Peixes', 200.00, 'Sera', NULL, 12.99, 8.00),
    ('Bebedouro para Pássaros', 180.00, 'Alcon', '2024-10-20', 5.50, 3.50),
    ('Bolsa de Transporte para Cães', 25.00, 'Pawise', NULL, 49.50, 35.00),
    ('Shampoo para Hamsters', 50.00, 'Chalesco', '2024-08-18', 9.25, 6.00),
    ('Casinha para Coelhos', 12.00, 'Ferplast', NULL, 64.90, 45.00),
    ('Ração para Periquitos', 120.00, 'Alcon', '2024-11-15', 3.75, 2.50),
    ('Brinquedo para Tartarugas', 90.00, 'Chalesco', NULL, 7.99, 5.00),
    ('Terrário para Répteis', 15.00, 'Exo Terra', NULL, 129.00, 95.00),
    ('Coleira Antipulgas para Gatos', 70.00, 'Frontline', '2024-10-08', 32.50, 20.00),
    ('Ração para Cobaias', 180.00, 'Vitakraft', NULL, 5.75, 3.50),
    ('Arranhador para Gatos', 50.00, 'Zee.Dog', NULL, 19.99, 12.00),
    ('Comedouro para Tartarugas', 30.00, 'Tetra', NULL, 11.50, 7.50),
    ('Gaiola para Calopsitas', 8.00, 'Ferplast', NULL, 99.00, 70.00),
    ('Shampoo para Coelhos', 60.00, 'Chalesco', '2024-09-08', 8.75, 5.50),
    ('Bebedouro para Cobaias', 50.00, 'PetFeeder', NULL, 7.99, 4.50),
    ('Ração para Porquinhos da Índia', 90.00, 'Vitakraft', NULL, 6.25, 4.00),
    ('Brinquedo para Cobaias', 100.00, 'Zee.Dog', NULL, 5.99, 3.50),
    ('Aquário para Tartarugas', 20.00, 'Sera', NULL, 89.90, 60.00),
    ('Coleira Anticarrapatos para Gatos', 50.00, 'Frontline', '2024-12-05', 26.50, 15.50),
    ('Ração para Iguanas', 40.00, 'Exo Terra', NULL, 9.75, 6.50),
    ('Bebedouro para Calopsitas', 30.00, 'PetFeeder', NULL, 5.99, 3.50),
    ('Ração para Jabutis', 80.00, 'ZooMed', '2024-08-30', 8.50, 5.50),
    ('Brinquedo para Porquinhos da Índia', 150.00, 'Chalesco', NULL, 4.99, 3.00),
    ('Aquário para Peixes Tropicais', 15.00, 'Tetra', NULL, 119.00, 85.00),
    ('Coleira Antipulgas para Cães', 70.00, 'Frontline', '2024-07-12', 31.50, 18.00),
    ('Ração para Pássaros Exóticos', 120.00, 'Alcon', NULL, 5.25, 3.50);

INSERT INTO `petshop`.`Venda` (`data`, `valor`, `comissao`, `desconto`, `Cliente_cpf`, `Empregado_cpf`) 
VALUES
('2023-09-01 10:00:00', 550.00, 10.00, 05.00, '118.570.245-36', '444.444.444-44'),
('2023-09-02 11:30:00', 200.00, 15.00, 08.00, '614.784.393-19', '777.777.777-77'),
('2023-09-03 14:45:00', 980.00, 12.00, 06.00, '268.331.619-25', '222.222.222-22'),
('2023-09-04 09:15:00', 220.00, 18.00, 10.00, '131.940.271-27', '123.456.789-01'),
('2023-09-05 16:20:00', 190.00, 13.00, 07.00, '118.570.245-36', '456.789.012-34'),
('2023-09-06 13:10:00', 470.00, 11.00, 05.00, '380.297.822-68', '444.444.444-44'),
('2023-09-07 08:30:00', 210.00, 17.00, 09.00, '075.256.043-39', '111.111.111-11'),
('2023-09-08 12:55:00', 840.00, 20.00, 12.00, '401.366.803-30', '666.666.666-66'),
('2023-09-09 15:40:00', 175.00, 14.00, 06.00, '118.570.245-36', '567.890.123-45'),
('2023-09-10 17:25:00', 995.00, 16.00, 08.00, '805.120.623-15', '444.444.444-44'),
('2023-09-11 09:05:00', 230.00, 19.00, 11.00, '023.959.573-48', '444.444.444-44'),
('2023-09-12 14:15:00', 185.00, 15.00, 07.00, '604.295.233-19', '777.777.777-77'),
('2023-09-13 10:30:00', 215.00, 18.00, 09.00, '088.878.253-51', '222.222.222-22'),
('2023-09-14 08:50:00', 250.00, 21.00, 12.00, '328.373.483-68', '123.456.789-01'),
('2023-09-15 11:10:00', 600.00, 16.00, 08.00, '625.499.783-58', '456.789.012-34'),
('2023-09-16 13:50:00', 170.00, 12.00, 06.00, '118.570.245-36', '444.444.444-44'),
('2023-09-17 15:15:00', 225.00, 20.00, 11.00, '614.784.393-19', '111.111.111-11'),
('2023-09-18 09:45:00', 290.00, 14.00, 07.00, '635.111.523-05', '666.666.666-66'),
('2023-09-19 16:35:00', 205.00, 17.00, 08.00, '034.113.953-03', '567.890.123-45'),
('2023-09-20 12:40:00', 235.00, 19.00, 10.00, '972.287.963-49', '444.444.444-44'),
('2023-09-21 14:20:00', 180.00, 15.00, 07.00, '009.849.462-76', '444.444.444-44'),
('2023-09-22 10:05:00', 210.00, 18.00, 09.00, '304.523.923-49', '777.777.777-77'),
('2023-09-23 08:15:00', 220.00, 20.00, 10.00, '614.784.393-19', '222.222.222-22'),
('2023-09-24 13:30:00', 195.00, 16.00, 08.00, '021.192.333-81', '123.456.789-01'),
('2023-09-25 09:55:00', 175.00, 13.00, 06.00, '614.784.393-19', '456.789.012-34'),
('2023-09-26 11:40:00', 240.00, 21.00, 11.00, '418.178.423-15', '444.444.444-44'),
('2023-09-27 15:05:00', 225.00, 19.00, 10.00, '332.925.233-20', '111.111.111-11'),
('2023-09-28 14:00:00', 300.00, 17.00, 08.00, '332.925.233-20', '666.666.666-66'),
('2023-09-29 12:25:00', 230.00, 20.00, 09.00, '332.925.233-20', '567.890.123-45'),
('2023-09-30 17:20:00', 260.00, 22.00, 12.00, '010.169.993-05', '444.444.444-44'),
('2023-10-01 10:35:00', 175.00, 15.00, 07.00, '604.569.393-00', '444.444.444-44'),
('2023-10-02 08:45:00', 210.00, 18.00, 09.00, '070.762.033-32', '777.777.777-77'),
('2023-10-03 14:20:00', 185.00, 16.00, 08.00, '482.603.983-20', '222.222.222-22'),
('2023-10-04 09:15:00', 220.00, 19.00, 10.00, '604.569.393-00', '123.456.789-01'),
('2023-10-05 16:30:00', 195.00, 17.00, 09.00, '019.659.463-48', '456.789.012-34'),
('2023-10-06 13:05:00', 170.00, 14.00, 07.00, '005.710.583-96', '444.444.444-44'),
('2023-10-07 08:50:00', 230.00, 21.00, 11.00, '003.523.273-08', '111.111.111-11'),
('2023-10-08 12:45:00', 245.00, 20.00, 12.00, '413.281.323-15', '666.666.666-66'),
('2023-10-09 15:55:00', 200.00, 16.00, 08.00, '067.903.783-75', '567.890.123-45'),
('2023-10-10 17:40:00', 265.00, 22.00, 12.00, '003.523.273-08', '444.444.444-44'),
('2023-10-11 09:25:00', 180.00, 15.00, 07.00, '040.409.013-39', '444.444.444-44'),
('2023-10-12 14:15:00', 215.00, 18.00, 09.00, '003.523.273-08', '777.777.777-77'),
('2023-10-13 10:20:00', 225.00, 19.00, 10.00, '714.537.093-04', '222.222.222-22'),
('2023-10-14 08:35:00', 190.00, 17.00, 08.00, '189.249.992-49', '123.456.789-01'),
('2023-10-15 11:05:00', 250.00, 21.00, 11.00, '437.902.888-70', '456.789.012-34'),
('2023-10-16 13:45:00', 175.00, 14.00, 07.00, '874.206.782-00', '444.444.444-44'),
('2023-10-17 15:10:00', 235.00, 20.00, 09.00, '426.607.349-68', '111.111.111-11'),
('2023-10-18 09:40:00', 195.00, 16.00, 08.00, '600.248.883-97', '666.666.666-66'),
('2023-10-19 16:15:00', 220.00, 17.00, 09.00, '001.172.372-64', '567.890.123-45'),
('2023-10-20 12:50:00', 805.00, 18.00, 10.00, '437.902.888-70', '444.444.444-44');

INSERT INTO formapgvenda(tipo, valorpago, venda_idVenda)
VALUES
('CHEQUE'  , 300.00, 01),
('DINHEIRO', 250.00, 01),
('CARTAO'  , 200.00, 02),
('BOLETO'  , 200.00, 03),
('PIX'     , 200.00, 03),
('DINHEIRO', 380.00, 03),
('PIX'     , 200.00, 03),
('CARTAO'  , 200.00, 03),
('CARTAO'  , 220.00, 04),
('PIX'     , 100.00, 05),
('CHEQUE'  , 090.00, 05),
('DINHEIRO', 470.00, 06),
('CHEQUE'  , 010.00, 07),
('PIX'     , 200.00, 07),
('PIX'     , 200.00, 08),
('PIX'     , 200.00, 08),
('BOLETO'  , 400.00, 08),
('CHEQUE'  , 040.00, 08),
('CHEQUE'  , 175.00, 09),
('CHEQUE'  , 405.00, 10),
('CARTAO'  , 590.00, 10),
('CHEQUE'  , 230.00, 11),
('CHEQUE'  , 185.00, 12),
('PIX'     , 215.00, 13),
('DINHEIRO', 250.00, 14),
('DINHEIRO', 300.00, 15),
('PIX'     , 100.00, 15),
('BOLETO'  , 200.00, 15),
('BOLETO'  , 170.00, 16),
('BOLETO'  , 225.00, 17),
('BOLETO'  , 200.00, 18),
('DINHEIRO', 090.00, 18),
('CARTAO'  , 200.00, 19),
('PIX'     , 005.00, 19),
('CHEQUE'  , 235.00, 20),
('PIX'     , 090.00, 21),
('DINHEIRO', 090.00, 21),
('DINHEIRO', 210.00, 22),
('CARTAO'  , 110.00, 23),
('PIX'     , 110.00, 23),
('CARTAO'  , 195.00, 24),
('PIX'     , 175.00, 25),
('PIX'     , 120.00, 26),
('DINHEIRO', 120.00, 26),
('PIX'     , 200.00, 27),
('CARTAO'  , 025.00, 27),
('CARTAO'  , 150.00, 28),
('CARTAO'  , 150.00, 28),
('DINHERIO', 100.00, 29),
('PIX'     , 100.00, 29),
('BOLETO'  , 030.00, 29),
('BOLETO'  , 260.00, 30),
('PIX'     , 175.00, 31),
('PIX'     , 210.00, 32),
('PIX'     , 100.00, 33),
('PIX'     , 085.00, 33),
('CHEQUE'  , 220.00, 34),
('PIX'     , 105.00, 35),
('DINHERIO', 090.00, 35),
('BOLETO'  , 170.00, 36),
('BOLETO'  , 115.00, 37),
('CHEQUE'  , 115.00, 37),
('DINHEIRO', 245.00, 38),
('PIX'     , 100.00, 39),
('CHEQUE'  , 100.00, 39),
('PIX'     , 265.00, 40),
('CHEQUE'  , 180.00, 41),
('PIX'     , 175.00, 42),
('DINHEIRO', 040.00, 42),
('CHEQUE'  , 225.00, 43),
('PIX'     , 190.00, 44),
('PIX'     , 250.00, 45),
('PIX'     , 175.00, 46),
('PIX'     , 235.00, 47),
('PIX'     , 195.00, 48),
('PIX'     , 220.00, 49),
('PIX'     , 805.00, 50);

INSERT INTO itensvendaprod(venda_idVenda, produto_idProduto, quantidade, valor, desconto)
VALUES
(01,01,01,300.00,0),
(01,02,02,250.00,0),
(02,10,03,200.00,0),
(03,11,04,980.00,0),
(04,21,05,100.00,0),
(04,31,06,120.00,0),
(05,14,08,010.00,0),
(05,15,09,050.00,0),
(05,20,10,030.00,0),
(06,01,01,400.00,0),
(06,07,02,070.00,0),
(07,49,03,210.00,0),
(08,44,04,840.00,0),
(09,10,05,175.00,0),
(10,11,06,500.00,0),
(10,13,07,400.00,0),
(10,15,08,095.00,0),
(11,17,09,100.00,0),
(11,33,10,100.00,0),
(11,05,01,015.00,0),
(11,40,02,015.00,0),
(12,19,03,185.00,0),
(13,24,04,215.00,0),
(14,08,05,250.00,0),
(15,01,06,200.00,0),
(15,41,07,400.00,0),
(16,41,08,170.00,0),
(17,21,09,225.00,0),
(18,31,10,290.00,0),
(19,10,01,100.00,0),
(19,20,02,090.00,0),
(19,50,03,015.00,0),
(20,40,04,235.00,0),
(21,30,05,030.00,0),
(21,03,06,050.00,0),
(21,06,07,060.00,0),
(21,47,08,040.00,0),
(22,18,09,200.00,0),
(22,12,10,010.00,0),
(23,01,01,220.00,0),
(24,20,02,195.00,0),
(25,20,03,175.00,0),
(26,50,04,240.00,0),
(27,24,05,200.00,0),
(27,27,06,025.00,0),
(29,23,08,230.00,0),
(30,30,09,100.00,0),
(30,31,10,160.00,0),
(31,31,01,175.00,0),
(33,33,03,185.00,0),
(34,34,04,100.00,0),
(34,35,05,100.00,0),
(34,44,06,020.00,0),
(35,05,07,195.00,0),
(36,07,08,170.00,0),
(37,08,09,230.00,0),
(39,11,01,025.00,0),
(39,12,02,025.00,0),
(39,13,03,025.00,0),
(39,14,04,025.00,0),
(39,15,05,025.00,0),
(39,16,06,025.00,0),
(39,17,07,025.00,0),
(40,50,10,265.00,0),
(41,48,01,180.00,0),
(42,19,04,015.00,0),
(43,19,05,050.00,0),
(43,25,06,050.00,0),
(43,12,08,025.00,0),
(43,10,09,025.00,0),
(44,12,10,190.00,0),
(45,28,01,250.00,0),
(46,24,02,175.00,0),
(47,20,03,100.00,0),
(47,16,04,100.00,0),
(47,28,05,035.00,0),
(48,09,06,195.00,0),
(49,10,07,220.00,0),
(50,12,08,100.00,0),
(50,20,09,050.00,0),
(50,21,10,175.00,0),
(50,10,01,025.00,0),
(50,13,02,020.00,0),
(50,11,03,080.00,0),
(50,05,05,100.00,0),
(50,06,06,100.00,0),
(50,01,07,050.00,0),
(50,15,08,050.00,0);

INSERT INTO itensservico(empregado_cpf, servico_idservico, venda_idVenda, pet_idpet, quantidade, valor, desconto)
VALUES
('333.333.333-33',06, 05,13,07,100.00,0),
('666.666.666-66',13, 28,22,07,300.00,0),
('111.111.111-11',10, 32,20,02,210.00,0),
('999.999.999-99',01, 38,10,10,245.00,0),
('345.678.901-23',25, 39,18,08,025.00,0),
('234.567.890-12',12, 39,19,09,025.00,0),
('999.999.999-99',17, 42,48,02,050.00,0),
('345.678.901-23',11, 42,48,03,150.00,0),
('234.567.890-12',13, 43,06,07,075.00,0),
('333.333.333-33',22, 50,01,01,100.00,0);

INSERT INTO compras(dataComp, valorTotal, dataVenc, dataPag, desconto, juros, fornecedor_cpf_cnpj)
VALUES
('2023-09-01 10:00:00', 550.00,'2023-09-01 10:00:00','2023-09-01 10:00:00',10.00, 05.00, '584.184.315-04'    ),
('2023-09-02 11:30:00', 200.00,'2023-09-02 11:30:00','2023-09-02 11:30:00',15.00, 08.00, '452.248.353-80'    ),
('2023-09-03 14:45:00', 980.00,'2023-09-03 14:45:00','2023-09-03 14:45:00',12.00, 06.00, '584.184.315-04'    ),
('2023-09-04 09:15:00', 220.00,'2023-09-04 09:15:00','2023-09-04 09:15:00',18.00, 10.00, '452.248.353-80'    ),
('2023-09-05 16:20:00', 190.00,'2023-09-05 16:20:00','2023-09-05 16:20:00',13.00, 07.00, '824.491.635-49'    ),
('2023-09-06 13:10:00', 470.00,'2023-09-06 13:10:00','2023-09-06 13:10:00',11.00, 05.00, '584.184.315-04'    ),
('2023-09-07 08:30:00', 210.00,'2023-09-07 08:30:00','2023-09-07 08:30:00',17.00, 09.00, '116231880008-17'   ),
('2023-09-08 12:55:00', 840.00,'2023-09-08 12:55:00','2023-09-08 12:55:00',20.00, 12.00, '116231880008-17'   ),
('2023-09-09 15:40:00', 175.00,'2023-09-09 15:40:00','2023-09-09 15:40:00',14.00, 06.00, '751.190.485-87'    ),
('2023-09-10 17:25:00', 995.00,'2023-09-10 17:25:00','2023-09-10 17:25:00',16.00, 08.00, '976.372.258-60'    ),
('2023-09-11 09:05:00', 230.00,'2023-09-11 09:05:00','2023-09-11 09:05:00',19.00, 11.00, '751.190.485-87'    ),
('2023-09-12 14:15:00', 185.00,'2023-09-12 14:15:00','2023-09-12 14:15:00',15.00, 07.00, '563.428.350-70'    ),
('2023-09-13 10:30:00', 215.00,'2023-09-13 10:30:00','2023-09-13 10:30:00',18.00, 09.00, '419296600001-29'   ),
('2023-09-14 08:50:00', 250.00,'2023-09-14 08:50:00','2023-09-14 08:50:00',21.00, 12.00, '515049950001-69'   ),
('2023-09-15 11:10:00', 600.00,'2023-09-15 11:10:00','2023-09-15 11:10:00',16.00, 08.00, '515049950001-69'   ),
('2023-09-16 13:50:00', 170.00,'2023-09-16 13:50:00','2023-09-16 13:50:00',12.00, 06.00, '546.744.532-40'    ),
('2023-09-17 15:15:00', 225.00,'2023-09-17 15:15:00','2023-09-17 15:15:00',20.00, 11.00, '171616800001-60'   ),
('2023-09-18 09:45:00', 290.00,'2023-09-18 09:45:00','2023-09-18 09:45:00',14.00, 07.00, '171616800001-60'   ),
('2023-09-19 16:35:00', 205.00,'2023-09-19 16:35:00','2023-09-19 16:35:00',17.00, 08.00, '321.763.149-80'    ),
('2023-09-20 12:40:00', 235.00,'2023-09-20 12:40:00','2023-09-20 12:40:00',19.00, 10.00, '287.828.220-50'    ),
('2023-09-21 14:20:00', 180.00,'2023-09-21 14:20:00','2023-09-21 14:20:00',15.00, 07.00, '158.556.623-30'    ),
('2023-09-22 10:05:00', 210.00,'2023-09-22 10:05:00','2023-09-22 10:05:00',18.00, 09.00, '321.763.149-80'    ),
('2023-09-23 08:15:00', 220.00,'2023-09-23 08:15:00','2023-09-23 08:15:00',20.00, 10.00, '158.556.623-30'    ),
('2023-09-24 13:30:00', 195.00,'2023-09-24 13:30:00','2023-09-24 13:30:00',16.00, 08.00, '678.425.124-50'    ),
('2023-09-25 09:55:00', 175.00,'2023-09-25 09:55:00','2023-09-25 09:55:00',13.00, 06.00, '425.848.172-68'    ),
('2023-09-26 11:40:00', 240.00,'2023-09-26 11:40:00','2023-09-26 11:40:00',21.00, 11.00, '425.848.172-68'    ),
('2023-09-27 15:05:00', 225.00,'2023-09-27 15:05:00','2023-09-27 15:05:00',19.00, 10.00, '863.971.842-34'    ),
('2023-09-28 14:00:00', 300.00,'2023-09-28 14:00:00','2023-09-28 14:00:00',17.00, 08.00, '736.566.236-00'    ),
('2023-09-29 12:25:00', 230.00,'2023-09-29 12:25:00','2023-09-29 12:25:00',20.00, 09.00, '437.607.437-30'    ),
('2023-09-30 17:20:00', 260.00,'2023-09-30 17:20:00','2023-09-30 17:20:00',22.00, 12.00, '437.607.437-30'    ),
('2023-10-01 10:35:00', 175.00,'2023-10-01 10:35:00','2023-10-01 10:35:00',15.00, 07.00, '437.607.437-30'    ),
('2023-10-02 08:45:00', 210.00,'2023-10-02 08:45:00','2023-10-02 08:45:00',18.00, 09.00, '693.364.822-20'    ),
('2023-10-03 14:20:00', 185.00,'2023-10-03 14:20:00','2023-10-03 14:20:00',16.00, 08.00, '519072480001-71'   ),
('2023-10-04 09:15:00', 220.00,'2023-10-04 09:15:00','2023-10-04 09:15:00',19.00, 10.00, '450.793.133-90'    ),
('2023-10-05 16:30:00', 195.00,'2023-10-05 16:30:00','2023-10-05 16:30:00',17.00, 09.00, '450.793.133-90'    ),
('2023-10-06 13:05:00', 170.00,'2023-10-06 13:05:00','2023-10-06 13:05:00',14.00, 07.00, '590.579.720-00'    ),
('2023-10-07 08:50:00', 230.00,'2023-10-07 08:50:00','2023-10-07 08:50:00',21.00, 11.00, '134.030.320-50'    ),
('2023-10-08 12:45:00', 245.00,'2023-10-08 12:45:00','2023-10-08 12:45:00',20.00, 12.00, '132.772.124-40'    ),
('2023-10-09 15:55:00', 200.00,'2023-10-09 15:55:00','2023-10-09 15:55:00',16.00, 08.00, '209.764.295-00'    ),
('2023-10-10 17:40:00', 265.00,'2023-10-10 17:40:00','2023-10-10 17:40:00',22.00, 12.00, '660.932.443-34'    ),
('2023-10-11 09:25:00', 180.00,'2023-10-11 09:25:00','2023-10-11 09:25:00',15.00, 07.00, '302.452.826-10'    ),
('2023-10-12 14:15:00', 215.00,'2023-10-12 14:15:00','2023-10-12 14:15:00',18.00, 09.00, '678.570.432-49'    ),
('2023-10-13 10:20:00', 225.00,'2023-10-13 10:20:00','2023-10-13 10:20:00',19.00, 10.00, '665.165.283-49'    ),
('2023-10-14 08:35:00', 190.00,'2023-10-14 08:35:00','2023-10-14 08:35:00',17.00, 08.00, '320.717.534-10'    ),
('2023-10-15 11:05:00', 250.00,'2023-10-15 11:05:00','2023-10-15 11:05:00',21.00, 11.00, '519.692.112-53'    ),
('2023-10-16 13:45:00', 175.00,'2023-10-16 13:45:00','2023-10-16 13:45:00',14.00, 07.00, '516.927.027-50'    ),
('2023-10-17 15:10:00', 235.00,'2023-10-17 15:10:00','2023-10-17 15:10:00',20.00, 09.00, '909.454.833-00'    ),
('2023-10-18 09:40:00', 195.00,'2023-10-18 09:40:00','2023-10-18 09:40:00',16.00, 08.00, '263.850.021-60'    ),
('2023-10-19 16:15:00', 220.00,'2023-10-19 16:15:00','2023-10-19 16:15:00',17.00, 09.00, '715.350.202-53'    ),
('2023-10-20 12:50:00', 805.00,'2023-10-20 12:50:00','2023-10-20 12:50:00',18.00, 10.00, '715.350.202-53'    );

INSERT INTO itenscompra(compras_idCompra, Produtos_idProduto, valorCompra, quantidade)
VALUES
(01,01,300.00, 01),
(01,02,250.00, 02),
(02,10,200.00, 03),
(03,11,980.00, 04),
(04,21,100.00, 05),
(04,31,120.00, 06),
(05,13,100.00, 07),
(05,14,010.00, 08),
(05,15,050.00, 09),
(05,20,030.00, 10),
(06,01,400.00, 01),
(06,07,070.00, 02),
(07,49,210.00, 03),
(08,44,840.00, 04),
(09,10,175.00, 05),
(10,11,500.00, 06),
(10,13,400.00, 07),
(10,15,095.00, 08),
(11,17,100.00, 09),
(11,33,100.00, 10),
(11,05,015.00, 01),
(11,40,015.00, 02),
(12,19,185.00, 03),
(13,24,215.00, 04),
(14,08,250.00, 05),
(15,01,200.00, 06),
(15,41,400.00, 07),
(16,41,170.00, 08),
(17,21,225.00, 09),
(18,31,290.00, 10),
(19,10,100.00, 01),
(19,20,090.00, 02),
(19,50,015.00, 03),
(20,40,235.00, 04),
(21,30,030.00, 05),
(21,03,050.00, 06),
(21,06,060.00, 07),
(21,47,040.00, 08),
(22,18,200.00, 09),
(22,12,010.00, 10),
(23,01,220.00, 01),
(24,20,195.00, 02),
(25,20,175.00, 03),
(26,50,240.00, 04),
(27,24,200.00, 05),
(27,27,025.00, 06),
(28,22,300.00, 07),
(29,23,230.00, 08),
(30,30,100.00, 09),
(30,31,160.00, 10),
(31,31,175.00, 01),
(32,20,210.00, 02),
(33,33,185.00, 03),
(34,34,100.00, 04),
(34,35,100.00, 05),
(34,44,020.00, 06),
(35,05,195.00, 07),
(36,07,170.00, 08),
(37,08,230.00, 09),
(38,10,245.00, 10),
(39,11,025.00, 01),
(39,12,025.00, 02),
(39,13,025.00, 03),
(39,14,025.00, 04),
(39,15,025.00, 05),
(39,16,025.00, 06),
(39,17,025.00, 07),
(39,18,025.00, 08),
(39,19,025.00, 09),
(40,50,265.00, 10),
(41,48,180.00, 01),
(42,48,050.00, 02),
(42,47,150.00, 03),
(42,19,015.00, 04),
(43,19,050.00, 05),
(43,25,050.00, 06),
(43,06,075.00, 07),
(43,12,025.00, 08),
(43,10,025.00, 09),
(44,12,190.00, 10),
(45,28,250.00, 01),
(46,24,175.00, 02),
(47,20,100.00, 03),
(47,16,100.00, 04),
(47,28,035.00, 05),
(48,09,195.00, 06),
(49,10,220.00, 07),
(50,12,100.00, 08),
(50,20,050.00, 09),
(50,21,175.00, 10),
(50,10,025.00, 01),
(50,13,020.00, 02),
(50,11,080.00, 03),
(50,01,100.00, 04),
(50,05,100.00, 05),
(50,06,100.00, 06),
(50,04,050.00, 07),
(50,15,050.00, 08);

INSERT INTO formapagcompra(tipo, valorpago, compras_idCompra)
VALUES
('CHEQUE'  , 300.00, 01),
('DINHEIRO', 250.00, 01),
('CARTAO'  , 200.00, 02),
('BOLETO'  , 200.00, 03),
('PIX'     , 200.00, 03),
('DINHEIRO', 380.00, 03),
('PIX'     , 200.00, 03),
('CARTAO'  , 200.00, 03),
('CARTAO'  , 220.00, 04),
('PIX'     , 100.00, 05),
('CHEQUE'  , 090.00, 05),
('DINHEIRO', 470.00, 06),
('CHEQUE'  , 010.00, 07),
('PIX'     , 200.00, 07),
('PIX'     , 200.00, 08),
('PIX'     , 200.00, 08),
('BOLETO'  , 400.00, 08),
('CHEQUE'  , 040.00, 08),
('CHEQUE'  , 175.00, 09),
('CHEQUE'  , 405.00, 10),
('CARTAO'  , 590.00, 10),
('CHEQUE'  , 230.00, 11),
('CHEQUE'  , 185.00, 12),
('PIX'     , 215.00, 13),
('DINHEIRO', 250.00, 14),
('DINHEIRO', 300.00, 15),
('PIX'     , 100.00, 15),
('BOLETO'  , 200.00, 15),
('BOLETO'  , 170.00, 16),
('BOLETO'  , 225.00, 17),
('BOLETO'  , 200.00, 18),
('DINHEIRO', 090.00, 18),
('CARTAO'  , 200.00, 19),
('PIX'     , 005.00, 19),
('CHEQUE'  , 235.00, 20),
('PIX'     , 090.00, 21),
('DINHEIRO', 090.00, 21),
('DINHEIRO', 210.00, 22),
('CARTAO'  , 110.00, 23),
('PIX'     , 110.00, 23),
('CARTAO'  , 195.00, 24),
('PIX'     , 175.00, 25),
('PIX'     , 120.00, 26),
('DINHEIRO', 120.00, 26),
('PIX'     , 200.00, 27),
('CARTAO'  , 025.00, 27),
('CARTAO'  , 150.00, 28),
('CARTAO'  , 150.00, 28),
('DINHERIO', 100.00, 29),
('PIX'     , 100.00, 29),
('BOLETO'  , 030.00, 29),
('BOLETO'  , 260.00, 30),
('PIX'     , 175.00, 31),
('PIX'     , 210.00, 32),
('PIX'     , 100.00, 33),
('PIX'     , 085.00, 33),
('CHEQUE'  , 220.00, 34),
('PIX'     , 105.00, 35),
('DINHERIO', 090.00, 35),
('BOLETO'  , 170.00, 36),
('BOLETO'  , 115.00, 37),
('CHEQUE'  , 115.00, 37),
('DINHEIRO', 245.00, 38),
('PIX'     , 100.00, 39),
('CHEQUE'  , 100.00, 39),
('PIX'     , 265.00, 40),
('CHEQUE'  , 180.00, 41),
('PIX'     , 175.00, 42),
('DINHEIRO', 040.00, 42),
('CHEQUE'  , 225.00, 43),
('PIX'     , 190.00, 44),
('PIX'     , 250.00, 45),
('PIX'     , 175.00, 46),
('PIX'     , 235.00, 47),
('PIX'     , 195.00, 48),
('PIX'     , 220.00, 49),
('PIX'     , 805.00, 50);

INSERT INTO telefone(numero, empregado_cpf, departamento_idDepartamento, fornecedor_cpf_cnpj)
VALUES
('99999-9990','111.111.111-11',NULL,NULL),
('99999-9991', '111.111.111-11',1,NULL),
('99999-9992',NULL,2,NULL),
('99999-9993',NULL,3,NULL),
('99999-9994',NULL,NULL,'552.133.957-40'),
('99999-9995',NULL,NULL,'397.404.166-40'),
('99999-9996',NULL,NULL,'153.076.658-30'),
('99999-9997',NULL,NULL,'419296600001-29'),
('99999-9998','222.222.222-22',NULL,NULL);

-- Relatório 1 
SELECT e.nome AS Nome_Empregado, e.cpf AS CPF_Empregado, e.data_admissao, e.salario,  
d.nome AS Departamento, e.num_telefone AS Numero_Telefone 
FROM empregado e 
JOIN departamento d ON e.departamento_id = d.id 
WHERE e.data_admissao BETWEEN '2019-01-01' AND '2022-03-31' 
ORDER BY e.data_admissao DESC; 
-- Relatório 2 
SELECT e.nome AS Nome_Empregado, e.cpf AS CPF_Empregado, e.data_admissao, e.salario,  
d.nome AS Departamento, e.num_telefone AS Numero_Telefone 
FROM empregado e 
JOIN departamento d ON e.departamento_id = d.id 
WHERE e.salario < (SELECT AVG(salario) FROM empregado) 
ORDER BY e.nome; 
-- Relatório 3 
SELECT d.nome AS Departamento, COUNT(e.id) AS Quantidade_Empregados,  
AVG(e.salario) AS Media_Salarial, AVG(e.comissao) AS Media_Comissao 
FROM departamento d 
JOIN empregado e ON e.departamento_id = d.id 
GROUP BY d.nome 
ORDER BY d.nome; 
-- Relatório 4 
SELECT e.nome AS Nome_Empregado, e.cpf AS CPF_Empregado, e.sexo, e.salario,  
COUNT(v.id) AS Quantidade_Vendas, SUM(v.valor_total) AS Total_Valor_Vendido,  
SUM(v.comissao) AS Total_Comissao 
FROM empregado e 
JOIN venda v ON e.id = v.empregado_id 
GROUP BY e.nome, e.cpf, e.sexo, e.salario 
ORDER BY Quantidade_Vendas DESC; 
-- Relatório 5 
SELECT e.nome AS Nome_Empregado, e.cpf AS CPF_Empregado, e.sexo, e.salario,  
COUNT(v.id) AS Quantidade_Vendas_com_Servico,  
SUM(s.valor) AS Total_Valor_Vendido_com_Servico,  
SUM(v.comissao) AS Total_Comissao_com_Servico 
FROM empregado e 
JOIN venda v ON e.id = v.empregado_id 
JOIN servico_venda sv ON v.id = sv.venda_id 
JOIN servico s ON sv.servico_id = s.id 
GROUP BY e.nome, e.cpf, e.sexo, e.salario 
ORDER BY Quantidade_Vendas_com_Servico DESC; 
-- Relatório 6 
SELECT p.nome AS Nome_Pet, s.data_servico, s.nome AS Nome_Servico, sv.quantidade,  
sv.valor, e.nome AS Empregado_Realizador 
FROM pet p 
JOIN servico_venda sv ON p.id = sv.pet_id 
JOIN servico s ON sv.servico_id = s.id 
JOIN empregado e ON sv.empregado_id = e.id 
ORDER BY s.data_servico DESC; 
-- Relatório 7 
SELECT v.data_venda, v.valor, v.desconto, (v.valor - v.desconto) AS Valor_Final,  
e.nome AS Empregado_Realizador 
FROM venda v 
JOIN cliente c ON v.cliente_id = c.id 
JOIN empregado e ON v.empregado_id = e.id 
ORDER BY v.data_venda DESC; -- Relatório 8 
SELECT s.nome AS Nome_Servico, COUNT(sv.id) AS Quantidade_Vendas, SUM(sv.valor) AS 
Total_Valor_Vendido 
FROM servico s 
JOIN servico_venda sv ON s.id = sv.servico_id 
GROUP BY s.nome 
ORDER BY Quantidade_Vendas DESC 
LIMIT 10; 
-- Relatório 9 
SELECT f.tipo_pagamento, COUNT(v.id) AS Quantidade_Vendas, SUM(v.valor) AS 
Total_Valor_Vendido 
FROM venda v 
JOIN forma_pagamento f ON v.forma_pagamento_id = f.id 
GROUP BY f.tipo_pagamento 
ORDER BY Quantidade_Vendas DESC; 
-- Relatório 10 
SELECT v.data_venda, COUNT(v.id) AS Quantidade_Vendas, SUM(v.valor) AS 
Valor_Total_Venda 
FROM venda v 
GROUP BY v.data_venda 
ORDER BY v.data_venda DESC; 
-- Relatório 11 
SELECT p.nome AS Nome_Produto, p.valor AS Valor_Produto, p.categoria,  
f.nome AS Nome_Fornecedor, f.email AS Email_Fornecedor, f.telefone AS 
Telefone_Fornecedor 
FROM produto p 
JOIN fornecedor f ON p.fornecedor_id = f.id 
ORDER BY p.nome; 
-- Relatório 12 
SELECT p.nome AS Nome_Produto, COUNT(vp.id) AS Quantidade_Total_Vendas,  
SUM(vp.valor_vendido) AS Valor_Total_Recebido 
FROM produto p 
JOIN venda_produto vp ON p.id = vp.produto_id 
GROUP BY p.nome 
ORDER BY Quantidade_Total_Vendas DESC;
                                             
                                         
